{
    "big_radius": 1000,
    "center": [50.40444089177163, 30.62135376141017],
    "little_radius": 200
}